Algorithm,Accuracy,Precision,Recall,F1-Score
Decision Tree,0.9391727493917275,0.7352941176470589,0.6097560975609756,0.6666666666666666
KNN,0.9416058394160584,0.9047619047619048,0.4634146341463415,0.6129032258064516
SVM,0.9683698296836983,0.9375,0.7317073170731707,0.821917808219178
