Algorithm,Silhouette Score,Davies-Bouldin Index
K-Means,0.12263193952800623,2.428701503404193
Agglomerative,0.10057481846244545,2.728871894406242
