Algorithm,MAE,MSE,RMSE,R² Score
Linear Regression,8.318267339367464,101.17400413688969,10.05852892509087,0.25292105805814447
Polynomial Regression (deg=2),8.301133120387185,103.86707819751392,10.19151991596513,0.23303513047283286
